shell,peak_frequency,peak_amplitude
twist_r=0.30,0.0975609756097561,1.5629743395379196e+105
twist_r=0.70,0.0975609756097561,8.005098388676926e+105
twist_r=1.10,0.5853658536585367,2.412471651102957e+106
