step,phi_max,twist_energy_max,soliton_energy,twist_energy,gravity_energy,discarded_energy,alpha_pwari,emitted_energy_cumulative
0,0.99972,1.16977e-08,8.71616e+01,3.45183e-07,1.87085e+01,0.00000e+00,0.00000000,0.00000e+00
25,0.90186,5.59962e-02,1.96535e+02,5.16002e+00,2.05399e+01,4.12666e-02,0.02625500,1.29850e-01
50,0.63878,2.86065e-02,4.21798e+02,3.54082e+00,2.47636e+01,2.83219e-02,0.00839458,3.03418e-01
75,0.23612,3.85660e-03,5.70539e+02,2.00682e+00,3.58662e+01,1.60554e-02,0.00351740,5.05401e-01
100,0.14981,1.52120e-03,3.96299e+02,1.30239e+00,4.25383e+01,1.04228e-02,0.00328638,7.22044e-01
125,0.12119,1.65715e-03,2.56928e+02,1.17196e+00,3.53485e+01,9.38569e-03,0.00456142,9.37905e-01
150,0.10516,5.15255e-03,1.85870e+02,1.18508e+00,2.74410e+01,9.50288e-03,0.00637584,1.15326e+00
175,0.09266,1.94290e-03,1.66408e+02,1.13421e+00,2.19970e+01,9.11508e-03,0.00681582,1.36832e+00
