shell,peak_frequency,peak_amplitude
twist_r=0.30,0.0,35.54516406580532
twist_r=0.70,0.0,28.225454693764163
twist_r=1.10,0.0,22.018326468016824
